,NSC,SMILES
1628,36390.0,COC1=CC(=CC(=C1OC)OC)C2C3C(COC3=O)C(C4=CC5=C(C=C24)OCO5)O.COC1=CC(=CC(=C1OC)OC)C2C3C(COC3=O)C(C4=CC5=C(C=C24)OCO5)O.COC1=CC(=CC(=C1OC)OC)C2C(C(C(C3=CC4=C(C=C23)OCO4)O)CO)C(=O)O.COC1=CC(=CC(=C1OC)OC)C2C(C(C(C3=CC4=C(C=C23)OCO4)O)CO)C(=O)O
2739,69856.0,CC1C(C(C(C(O1)OC2C3CC#CC4C(O4)(C#CC3=CC2OC(=O)C5=C(C=CC6=C5C=C(C=C6C)OC)O)C7COC(=O)O7)NC)O)O
3394,91768.0,CC1CCC(C(C(CC(C(C=CC=C(C(=O)OC(C(C=CC=C(C(CC(CC(CC(CC2CC(C(C(O2)(CC1O)O)O)O)OC(=O)CC(=O)O)O)O)O)C)C)C(C)CCCC=CCCCN=C(N)N)C)C)O)O)C)O
3487,94219.0,CC1C=CC=CC=CC=CC=CC=CC=CC(CC(C(C(CC(=O)CC(CC(CC(CC(=O)CCCC(=O)CC(=O)OC1C(C)CC(C)C(CC(=O)C2=CC=C(C=C2)N)O)O)O)O)O)C(=O)O)O)OC3C(C(C(C(O3)C)O)N)O
3794,105024.0,CC1C(C(CC(O1)OC2CC(OC(C2O)C)OC3=CC4=CC5=C(C(=O)C(C(C5)C(C(=O)C(C(C)O)O)OC)OC6CC(C(C(O6)C)O)OC7CC(C(C(O7)C)O)OC8CC(C(C(O8)C)O)(C)O)C(=C4C(=C3C)O)O)O)O
3919,109229.0,CC1=CC(=C(C=C1)C(=O)C(=C)CN(C)C)C
5472,170105.0,COC1=CC(=C2C(=C1)OC(=C)C(=O)N2)C(=O)OC
8762,608604.0,CCC(C(C)C(C(C)C(C(C)C1C(C2C(O2)C(CCCC(CC(CC3CC(C(C(O3)(C(C(C(CCCCC(CC(CC=CC(=O)O1)O)O)C)O)O)O)O)OS(=O)(=O)O)OC(=O)CC(=O)O)O)O)C)O)O)OC4CC(C(C(O4)C)OC)OC(=O)C5=CC(=C(C=C5)NC)OC6CCC(C(O6)C)O
10661,622493.0,C(C1C2C(C(C(O1)OC3C(OC(C(C3O)O)OC4C(OC(C(C4O)O)OC5C(OC(C(C5O)O)OC6C(OC(C(C6O)O)OC7C(OC(C(C7O)O)OC8C(OC(O2)C(C8O)O)CO)CO)CO)CO)CO)CO)O)O)O
10662,622494.0,C(C1C2C(C(C(O1)OC3C(OC(C(C3O)O)OC4C(OC(C(C4O)O)OC5C(OC(C(C5O)O)OC6C(OC(C(C6O)O)OC7C(OC(C(C7O)O)OC8C(OC(O2)C(C8O)O)CO)CO)CO)CO)CO)CO)O)O)O
12147,625770.0,C1=CC(=C(C=C1C(=C2C=CC(=O)C(=C2)C(=O)O)C3=CC(=C(C=C3)O)C(=O)O)C(=O)O)O.N.N.N
1874,1895,C1(=NC(=NN1)N)N
2627,2654,C(C(=O)O)(Cl)Cl
3014,3051,CNC=O
7934,8117,C(C(C1C(=C(C(=O)O1)O)O)O)O
14565,15200,[N+](=O)(O)[O-].[Ga]
21196,23216,CCCCCCCCCCCCCCCCCC1=NC=CN1CCOCCO
29569,33832,C(C(C1C(=C(C(=O)O1)O)O)O)O
35956,41458,C1CN1CC(C(CN2CC2)O)O
43527,51143,C1CN2C(=CC=N2)N1
52275,63345,CS(=O)(=O)C
66516,83628,C=O.C1=CC=C(C=C1)NC2=CC=C(C=C2)[N+]#N.OS(=O)(=O)O
67910,85775,CC(C)C1=CC(=O)C(=CC=C1)O.C=O
73923,93819,CCCC(CCC)C(=O)O
75064,95580,CC(=O)NCCCCCCNC(=O)C
75494,96019,CC1CCC2C(C3C(N2C1)CC4C3(CCC5C4CC=C6C5(CCC(C6)OC7C(C(C(C(O7)CO)O)OC8C(C(C(C(O8)CO)O)O)O)OC9C(C(C(C(O9)C)O)O)O)C)C)C
80501,102627,CS(=O)(=O)OCCCNCCCOS(=O)(=O)C.Cl
82776,107041,CC1/C=C/C=C/C(C(C(CC(CC(CC2CC(C(C(O2)(CC(CCCC(C(C(C(C(C(/C=C/C(C(C(=O)OC1C(C)CC(C)CCC/C=C/CCCN(C)C(=N)N)C)O)C)O)C)O)C)O)O)O)O)O)OC(=O)CC(=O)O)O)O)C)O
84599,109441,CC1C2=C(CN(CCC3=CC4=C(C=C3C1=O)OCO4)C)C5=C(C=C2)OCO5.C(=O)(C(=O)O)O
85623,111180,CC(=O)NC(CS)C(=O)O
86561,112758,CC1C(C(CC(O1)OC2CC(CC3=C2C(=C4C(=C3O)C(=O)C5=C(C4=O)C(=CC=C5)OC)O)(C(=O)C)O)N)O
89603,117212,C1=CC(=CC=C1CC2=CC=C(C=C2)N=C=O)N=C=O.C1=C2C(=CC3=C1C(=O)OC3=O)C(=O)OC2=O
90794,118742,CNC1=NC(=NC(=N1)N(C)C)N(C)C.Cl
100718,132319,C[C@@H]([C@](C(C)C)(C(=O)OCC1=CC[N+]2([C@H]1[C@@H](CC2)O)[O-])O)O
105425,139490,CN1C(CNC2=C1C(=O)NC(=N2)N)CCNC3=CC=C(C=C3)C(=O)NC(CCC(=O)O)C(=O)O
106803,141520,C(C(C1C(=O)C(=O)C(=O)O1)O)O
107763,142982,CCN(CC)CCNC1=C2C(=C(C=C1)CO)SC3=CC=CC=C3C2=O.CS(=O)(=O)O
107797,143020,CC1C(C(CC(O1)OC2CC(OC(C2O)C)OC3=CC4=CC5=C(C(=O)C(C(C5)C(C(=O)C(C(C)O)O)OC)OC6CC(C(C(O6)C)O)OC7CC(C(C(O7)C)OC8CC(C(C(O8)C)O)(C)O)O)C(=C4C(=C3C)O)O)O)O.[Mg+2]
109212,145168,CC(=O)C(N1C(=O)C=CC1=O)O
109833,146443,C=CC(=O)O.C=C(CC(=O)O)C(=O)O
111556,149501,CC1=C(N=C(N=C1N)C(CC(=O)N)NCC(C(=O)N)N)C(=O)NC(C(C2=CN=CN2)OC3C(C(C(C(O3)CO)O)O)OC4C(C(C(C(O4)CO)O)OC(=O)N)O)C(=O)NC(C)C(C(C)C(=O)NC(C(C)O)C(=O)NCCC5=NC(=CS5)C6=NC(=CS6)C(=O)NCCCNCCCCN)O.OS(=O)(=O)O
112614,150817,CC1/C=C/C=C/CC/C=C/C=C/C=C/C=C/C(CC2C(C(CC(O2)CC(C(CCC(CC(CC(CC(=O)OC(C(C1O)C)C)O)O)O)O)O)O)C(=O)O)OC3C(C(C(C(O3)C)O)N)O
117927,159228,CC1=CC(=C(N1C2=CC=CC(=C2)C(=O)O)C)C(=O)O.C1CN2CC3=CCOC4CC(=O)N5C6C4C3CC2C61C7=CC=CC=C75
125124,169534,CC1C(C(CC(O1)OC2CC(CC3=C2C(=C4C(=C3O)C(=O)C5=C(C4=O)C(=CC=C5)OC)O)(C(=O)CO)O)N)O
128315,174120,C1C(C(C(C(C1N)OC2C(CC(C(O2)CO)O)N)OC3C(C(C(O3)CO)OC4C(C(C(C(O4)CN)OC5C(C(C(C(O5)CO)O)O)O)O)N)O)O)N.OS(=O)(=O)O
128462,174280,CCCC(=O)O.[Na+]
135286,200692,CNCC(=O)NC(CO)C(=O)NC(CO)C(=O)NC1C(C(C(OC1C(=O)N)N2C=CC(=NC2=O)N)O)O.Cl
140467,210717,CC1=C2C=CN=CC2=C(C3=C1NC4=C3C=C(C=C4)O)C.Cl
145801,224131,C(C(C(=O)O)NC(=O)CP(=O)(O)O)C(=O)O.[Na+]
146684,227228,C1C(C(C(C(C1N)OC2C(C(C(C(O2)CO)O)O)N)OC3C(C(C(O3)CO)OC4C(C(C(C(O4)CN)O)O)N)O)O)N.OS(=O)(=O)O
164839,294601,CC1C(O1)(C)C(=O)O[C@@H]2C3C(C4[C@](O4)(CC/C=C(\C2OC(=O)C)/C(=O)OC)C)OC(=O)C3=C
166260,298223,CC1=CNC2=C1C34CC3CN(C4=CC2=O)C(=O)C5=CC6=C7CCN(C7=C(C(=C6N5)OC)O)C(=O)C8=CC9=C1CCN(C1=C(C(=C9N8)OC)O)C(=O)N
169178,307241,CC1C(C(CC(O1)O[C@H]2C[C@@](CC3=C2C(=C4C(=C3O)C(=O)C5=C(C4=O)C(=CC=C5)OC)O)(C(=O)CO)O)N)O
179768,349438,CC(CCC(=O)C1=COC=C1)O
183469,363787,CC(=O)O[C@@H]1C[C@H]2C([C@@H](CC(C2([C@@H]3[C@@]14CC(C([C@H]3OC(=O)C)O)C(=C)C4=O)C)OC(=O)C)OC(=O)C)(C)C
186081,372160,C=CC1=CC=CC=C1.C(=[N+]=C(N)N)(N)N
188937,381811,COCCOC(=O)CCN1C=C(C(=O)NC1=O)F
195707,406472,CC(C)(C)CC(C)(C)C1=CC=C(C=C1)OCCO
202600,526598,CC1C(C(CC(O1)OC2CC(OC(C2O)C)OC3=CC4=CC5=C(C(=O)[C@H]([C@@H](C5)[C@@H](C(=O)[C@H]([C@@H](C)O)O)OC)OC6CC(C(C(O6)C)O)OC7CC(C(C(O7)C)O)OC8CC(C(C(O8)C)O)(C)O)C(=C4C(=C3C)O)O)O)O.[Mg+2]
207736,615284,CC1=CNC2=C1C34CC3CN(C4=CC2=O)C(=O)C5=CC6=C(N5)C=CC(=C6)NC(=O)C7=CC8=CC=CC=C8O7
207737,615291,CC1=CNC2=C(C=C3C(=C12)[C@@H](CN3C(=O)C4=CC5=C(N4)C=CC(=C5)NC(=O)NC6=CC7=C(C=C6)NC(=C7)C(=O)N8C[C@H](C9=C1C(=CNC1=C(C=C98)O)C)CCl)CCl)O
208751,618077,CCC1=CC(=C(C=C1)[O-])C=NCCCN(C)CCCN=CC2=C(C=CC(=C2)C)[O-].[N-]=[N+]=[N-].[Co+3]
208835,618223,COC(=O)C1(CCCC2C1O2)COCC3=CC=CC=C3
208845,618233,C1[C@H]2[C@H](O2)C3CC1CC(=O)O3
209044,618487,CC12[C@H]([C@H](C[C@H](O1)N3C4=CC=CC=C4C5=C6C(=C7C8=CC=CC=C8N2C7=C53)CNC6=O)NC)OC
209052,618495,C1=CC=C2C(=C1)NC(=N2)N=C(N)N.Cl
209343,618857,CSC1=CC=C(C=C1)/C=C\2/C(=O)/C(=C/C3=CC=C(C=C3)SC)/CNC2.Cl
209857,619989,C[C@@]1([C@@H](O1)CCC#C[Si](C)(C)C)CO
209934,620130,C[C@@]1([C@](N1C2=CC=CC=C2)(C)C(=O)C3=CC=CC=C3)C(=O)C4=CC=CC=C4
211509,623586,CCOC(=O)C1=C2C(=C3N1C=CC=C3)C(=C(S2)C(=O)OCC)N
212117,624589,C/C/1=C/CCC2([C@H](O2)C[C@@]3(CC(=O)C(=C(C)C)C3CC1)C)C
212757,625733,CC1=CC=C(C=C1)S(=O)(=O)O.C1=CC=C2C(=C1)C(=C3C=CC=CC3=C2Cl)/C=N\N=C(/N)\NO
213124,626541,CCN(CCCNC1=C2C=C(C=CC2=NC3=CC=CC=C31)OC)CCCl.Cl
213201,626674,CCCC(C)OC1[C@H]([C@H](C(C2[C@](O2)([C@H]([C@H]3C1C(=C)C(=O)O3)O)C)O)C)O
213554,627404,C1=CC=C2C(=C1)C(=O)C3=C4C5=CC=CC=C5NC4=C6C(=C3C2=O)C(=O)C7=CC=CC=C7C6=O
213555,627405,C1CCC(CC1)C2=NC3=C(C=CC=C3Cl)C(=O)N2
216547,633664,C[C@H]([C@H]1C[C@]2(C(O[C@](O1)(O2)CC(=O)SC)(C)C)C)C3CCC4[C@@]3(CCC5[C@H]4C(CC6=CC(=O)C=C[C@]56C)O)C
216727,633983,C/C(=C\C=C\C(=C\C=C\C(=C\C=C\C=C(/C)\C=C\C=C(\C)/C=C/C=C(\C)/C=C/CC(C)(C)OC)\C)\C)/C=C/CC(C)(C)OC
216728,633984,CCC1=C(C(=NC1=O)/C=C/2\C(=C(/C(=C/C3=C(C(=C(N3)/C=C\4/C(=C/C)/C(C(=O)N4)C)C)CCC(=O)O)/N2)CCC(=O)O)C)C
216940,634374,C1=CC=C2C(=C1)O[Sn]O2
216941,634375,C1=CC2=C(C=C1[N+](=O)[O-])O[Sn]O2
219263,638718,CC1=CC2=C(C3C4[C@@H]5C6=C(C(=C7C(=C6C(N4[C@H](C(C2)N3)O)COC(=O)[C@]8(CS5)C9=CC(=C(C=C9CCN8)O)OC)OCO7)C)OC(=O)C)C(=C1OC)O
219777,640084,CC[N+]1=C(C=CC2=C1C=CC(=C2)Br)/C=C/C3=CC=C(C=C3)N(CCCl)CCCl.[I-]
221463,643728,CCCCC1CCC2N1C(CC2)CCCCC=C
222753,646276,CC1C(C(CC(O1)OC\2COC(=O)C(CC3=NC(=C(C=C3)O[C@@H]4C=C5C#C/C2=C\C#CC6C5(C4OC7CC(C(C(O7)C)O)(C)O)O6)Cl)NC(=O)C8=C(C=C9C=C(C(=C(C9=C8)OC)OC)OC(C)C)O)O)N(C)C
225621,653000,C(CO)NCN(CNCCO)C1=NC(=NC(=N1)N(CNCCO)CNCCO)N(CNCCO)CNCCO
225732,653380,CCCCCCC/C=C\CC#CC#CC(=O)C=C
226908,656576,C[C@]12[C@H]([C@H](C[C@H](O1)N3C4=CC=CC=C4C5=C6C(=C7C8=CC=CC=C8N2C7=C53)CNC6=O)N(C)C(=O)C9=CC=CC=C9)OC
226962,656667,C1CC2=C(C1)C=C(C=C2)S(=O)(=O)NC(=O)NC3=CC=C(C=C3)Cl
227921,658398,CCOC(=O)CC1(C=CC(=O)C=C1)O
229418,661583,CCCC(=O)OCC(COC(=O)CCC)OC(=O)CCC
231228,666132,CC1(CC2=C(C(C(=C(O2)N)C3=NC(=CS3)C4=CC=CC=C4)C5=CC=C(C=C5)Br)C(=O)C1)C
231230,666134,C1=CC=C(C=C1)C2=CSC(=N2)C3=C(OC4=C(C3C5=CC=C(C=C5)Br)C(=O)OC6=CC=CC=C64)N
231232,666136,C1=CC=C2C(=C1)C=C(C(=O)O2)C3=CSC(=N3)C4=C(OC5=C(C4C6=CC=CO6)C(=O)OC7=CC=CC=C75)N
231235,666139,CC1(CC2=C(C(C(=C(N2)SSC3=C(C(C4=C(N3)CC(CC4=O)(C)C)C5=CC=CC=C5)C#N)C#N)C6=CC=CC=C6)C(=O)C1)C
231236,666140,CC1(CC2=C(C(C(=C(N2)SSC3=C(C(C4=C(N3)CC(CC4=O)(C)C)C5=CC=C(C=C5)F)C#N)C#N)C6=CC=C(C=C6)F)C(=O)C1)C
231237,666141,CC1(CC2=C(C(C(=C(N2)SSC3=C(C(C4=C(N3)CC(CC4=O)(C)C)C5=CC=C(C=C5)Br)C#N)C#N)C6=CC=C(C=C6)Br)C(=O)C1)C
231238,666142,CC1=C(C(=C(C(=N1)SSC2=NC(=C(C(=C2C#N)C3=CC=C(C=C3)Cl)C(=O)C)C)C#N)C4=CC=C(C=C4)Cl)C(=O)C
231258,666170,C1=CC=C(C=C1)C2=N/C(=C/C3=CC=C(C=C3)Cl)/C(=O)NN2C4=NNC5(C6=CC=CC=C6C7=CC=CC=C75)C(=O)N4
231259,666171,C1=CC=C(C=C1)C2=N/C(=C/C3=CC=C(C=C3)O)/C(=O)NN2C4=NNC5(C6=CC=CC=C6C7=CC=CC=C75)C(=O)N4
231260,666172,COC1=C(C=CC(=C1)/C=C/2\C(=O)NN(C(=N2)C3=CC=CC=C3)C4=NNC5(C6=CC=CC=C6C7=CC=CC=C75)C(=O)N4)O
231694,666739,C[C@@H](C(CCCCCC/C=C\C/C=C\C/C=C\C/C=C\C=C\C(C/C=C\CC([C@H](C)N)O)O)O)N
231695,666740,C[C@@H](C(CCCCCC/C=C\C/C=C\C/C=C\C/C=C\C/C=C\C/C=C\CC([C@H](C)N)O)O)N
232181,668002,CC(C)C(C(=O)NCC(=O)OCC1=CC=CC=C1)NC(=O)OC(C)(C)C
232182,668003,CC(C)C(C(=O)OCC1=CC=CC=C1)NC(=O)CNC(=O)OC(C)(C)C
232183,668004,CC(C)C(C(=O)NC(C)C(=O)N1CCCC1C(=O)O)NC(=O)OC(C)(C)C
232184,668005,CC(C)C(C(=O)N1CCCC1C(=O)O)NC(=O)C
232185,668006,CC(C)C(C(=O)N1CCCC1C(=O)O)NC(=O)OC(C)(C)C
232186,668007,CC(C)C(C(=O)NC(C)C(=O)N1CCCC1C(=O)O)NC(=O)C
232187,668008,CC(C)C(C(=O)N1CCCC1C(=O)OCC2=CC=CC=C2)NC(=O)C
232188,668009,CC(C)C(C(=O)N1CCCC1C(=O)OCC2=CC=CC=C2)NC(=O)OC(C)(C)C
232194,668015,CC(C)C(C(=O)NCC(=O)OCC1=CC=CC=C1)NC(=O)CNC(=O)OC(C)(C)C
232195,668016,CCCOC(C)OCCC#CCC(C)OC(=O)CC(Cl)(Cl)Cl
232196,668017,CC(CCC#CC(=O)O)OC1CCCCO1
232197,668018,CCOC(=O)CNC(=O)C(CC1=CC=CC=C1)NC(=O)C(CC(=O)O)N
232198,668019,CC(C)(C)OC(=O)CC(C(=O)C(CC1=CC=CC=C1)C(=O)OC)NC(=O)OC(C)(C)C
232199,668020,CC(C)(C)OC(=O)CC(NC(=O)OCC1=CC=CC=C1)NC(=O)OC(C)(C)C
233385,670348,CC(C)CC(C(=O)NC(CCC(=O)OC1CCCCC1)C(=O)N)NC(=O)OC(C)(C)C
233386,670349,CC(C)CC(C(=O)NC(CCC(=O)OCC1=CC=CC=C1)C(=O)N)NC(=O)OC(C)(C)C
233388,670351,CC(C)(C)OC(=O)NC(CC=C)C(=O)NC(CCC(=O)OCC1=CC=C(C=C1)[N+](=O)[O-])C(=O)N
233389,670352,CC(C)CC(C(=O)NC(CCCOC)C(=O)N)NC(=O)OCC1=CC=C(C=C1)OC
233390,670353,CC(C)CC(C(=O)NC(CCCOC)C(=O)OC)NC(=O)OCC1=CC=C(C=C1)OC
233391,670354,CC(C)CC(C(=O)NC(CCOC)C(=O)OC)NC(=O)OC(C)(C)C
233392,670355,CC(C)CC(C(=O)NC(CCOCC1=CC=CC=C1)C(=O)N)NC(=O)OC(C)(C)C
233393,670356,CC(C(=O)OC)NC(=O)C(CCSC)NC(=O)C(CC1=CC=CC=C1)NC(=O)OC(C)(C)C
233396,670359,CC(C)(C)OC(=O)NC(CC1=CC=CC=C1)C(=O)NC(CC2=CC=CC=C2)C(=O)NCC(=O)OC
233399,670362,C1CCC(CC1)SC2=NC(=C3C(=N2)N(C=N3)C4C(C(C(O4)CO)O)O)N
233400,670363,CC(C)C1C2C(CN1CC=C)CON2C(=O)C(C3=CC=CC=C3)(C(F)(F)F)OC
233404,670389,CC(C(=O)NCP(=O)(O)O)NC(=O)C(CCC(=O)O)N
233405,670390,CCCCCC[N+]1=NOC(=C1C2=CC=C(C=C2)C3=C(ON=[N+]3CCCCCC)N)N.[Cl-]
233406,670391,C1CC([C@H]2[C@@H](C1O)[C@H]3C4=CC=CC=C4[C@@H]2S3)O
233407,670392,CC(=O)OC1C=CC(C2C1[C@H]3C4C=CC=CC4[C@@H]2S3=O)OC(=O)C
233408,670393,CC(=O)OC1CCC([C@H]2[C@@H]1[C@H]3C4=CC=CC=C4[C@@H]2S3)OC(=O)C
233409,670395,C1CCN(C1)C2=NC3=NC=NC(=C3C=C2C#N)N
234749,673171,C(CO)N(CN(CN(CCO)CO)C1=NC(=NC(=N1)N(CN(CCO)CO)CN(CCO)CO)N(CN(CCO)CO)CN(CCO)CO)CO
234750,673172,C1N(CN(CN1CCO)C2=NC(=NC(=N2)N3CN(CN(C3)CCO)CCO)N4CN(CN(C4)CCO)CCO)CCO
235140,674127,CC1=C(C(=C2C(=N1)N=C(N(C2=O)CCN3CCOCC3)C)C4=CC(=CC=C4)[N+](=O)[O-])C(=O)CCCCCCCCCCN5CCC(CC5)(C6=CC=CC=C6)C7=CC=CC=C7.Cl
237098,678038,C(=C(Cl)Cl)(/C(=C(\Cl)/Br)/Cl)[N+](=O)[O-]
237279,678407,C1CC(N(C1)C(=O)C2=CC=CC=N2)C(=O)O
237280,678408,CN(C)C1=CC(=NC=C1)C(=O)N2CCCC2C(=O)O
237281,678409,COC1=CC(=NC=C1)C(=O)N2CCCC2C(=O)O
237282,678410,C1=CC2=C(C=CN=C2N)C(=C1)[N+](=O)[O-]
237283,678411,CS(=O)(=O)CC(CC1=CC=CC=C1)C(=O)O
237284,678412,CC1=CC(=C(C(=C1)C)C2CNCC3=CC4=C(CNCC4C5=C(C=C(C=C5C)C)C)C=C23)C.C1=CC=C(C=C1)C(C(=O)O)O
239182,683132,C1=CC(=C(C=C1C2=CC(=O)C3=C(O2)C(=C(C=C3O)O)C4=C(C=CC(=C4O)O)C5=CC(=O)C6=C(O5)C(=C(C=C6O)O)C7=C(C=CC(=C7O)O)C8=CC(=O)C9=C(C=C(C=C9O8)O)O)O)O
239183,683133,C1=CC(=C(C=C1C2=CC(=O)C3=C(O2)C=C(C(=C3O)C4=C(C=CC(=C4O)O)C5=CC(=O)C6=C(C=C(C=C6O5)O)O)O)O)O
239184,683134,C1=CC(=C(C=C1C2=CC(=O)C3=C(O2)C(=C(C=C3O)O)C4=C(C=CC(=C4O)O)C5=CC(=O)C6=C(C=C(C=C6O5)O)O)O)O
239185,683135,C1=CC(=C(C=C1C2=CC(=O)C3=C(O2)C(=C(C=C3O)O)C4=C(C(=CC(=C4)C5=CC(=O)C6=C(C=C(C=C6O5)O)O)O)O)O)O
240201,685354,COC1=C(C=C(C=C1)C=C2C(=O)NC(=O)NC2=O)OCC3=CC=CC=C3
240202,685355,COC1=C(C=CC(=C1)C=C2C(=O)NC(=O)NC2=O)OCC3=CC=CC=C3
240203,685356,COC1=CC=CC(=C1)CC2C(=O)NC(=O)NC2=O
240204,685357,C1=CC=C(C=C1)COC2=CC=CC(=C2)CC3C(=O)NC(=O)NC3=O
240205,685358,C1=CC(=CC(=C1)Cl)CC2C(=O)NC(=O)NC2=O
240206,685359,COC1=C(C=C(C=C1)CC2C(=O)NC(=O)NC2=O)OCC3=CC=CC=C3
240207,685360,COC1=C(C=CC(=C1)CC2C(=O)NC(=O)NC2=O)OCC3=CC=CC=C3
240208,685361,COC1=C(C=C(C=C1)CC2C(=O)NC(=O)NC2=O)OC
240209,685362,CC(=O)OCCOCN1C(=O)CC(=O)NC1=O
240210,685363,CC(=O)OCCOCN1C(=O)/C(=C\C2=CC(=CC=C2)OCC3=CC=CC=C3)/C(=O)NC1=O
240477,685920,COC1=C(C=CC(=C1)N(CCC#N)CCC#N)/C(=N/NC(=O)C2=C(C=CC(=C2)Br)O)/N=NC3=CC=C(C=C3)Cl
240478,685921,COC1=CC=CC(=C1)N=N/C(=N\NC(=O)C2=C(C=CC(=C2)Br)O)/C3=C(C=C(C=C3)N(CCC#N)CCC#N)OC
240479,685922,COC1=CC=C(C=C1)N=N/C(=N\NC(=O)C2=C(C=CC(=C2)Br)O)/C3=C(C=C(C=C3)N(CCC#N)CCC#N)OC
240480,685923,COC1=C(C=CC(=C1)N(CCC#N)CCC#N)/C(=N/NC(=O)C2=C(C=CC(=C2)Br)O)/N=NC3=CC=C(C=C3)[N+](=O)[O-]
240481,685924,COC1=C(C=CC(=C1)N(CCC#N)CCC#N)/C(=N/NC(=O)C2=C(C=CC(=C2)Br)O)/N=NC3=CC=C(C=C3)C(=O)O
240934,687011,C/C/1=C/CC[C@@]2([C@@H](O2)[C@@H]3[C@@H](CC1=O)C(=C)C(=O)O3)C
241936,689577,CCC(C)(CC(C)(C)C(=O)NCC(=O)NC(CC1=CC=CC=C1)C(=O)NC(CC2=CC=CC=C2)C(=O)NCC(=O)NC3CC(OC(C3O)C)OC4CC(CC5=C4C(=C6C(=C5O)C(=O)C7=C(C6=O)C(=CC=C7)OC)O)(C(=O)CO)O)C(=O)NCC(C)O
244560,695797,CC(=O)N[C@]12CC[C@H](C1)C(C2=O)(C)C
244561,695798,COC1=C(C(=C2C(=C1)CCC(C3=C2C=CC(=C3)SC)O)OC)OC
244701,696252,COC1=CC=C(C=C1)C(=O)C#CC2=CN=C(N=C2OC)OC
244707,696259,CC1=CC2=C(C=C1CN(CC#C)C3=CC(=C(C=C3)C(=O)N[C@@H](CCC4=NNN=N4)C(=O)O)F)C(=O)NC(=N2)C
244863,696860,C1CN(CCN(CCN1CC(=O)O)CC(=O)O)CC(=O)O
244864,696861,C1CN(CCNCCN(CCN(CCN1)CP(=O)(O)O)CP(=O)(O)O)CP(=O)(O)O
244963,697123,CC1=C2C(=C(C(=C1O)OC3=C(C(=C(C(=C3C)O)O)[C@H](C)CCC=C(C)C)O)[C@H](C)CCC=C(C)C)OC(=N2)C(=O)OC
249271,707961,C1CN(C(=N1)N)CC(=O)O
251571,712807,CCCCCOC(=O)NC1=NC(=O)N(C=C1F)C2C(C(C(O2)C)O)O
254710,719344,CC(C)(C#N)C1=CC(=CC(=C1)CN2C=NC=N2)C(C)(C)C#N
265083,744479,C(C(=O)O)(Cl)Cl.[Na+]
266264,747803,C1=CC=C2C(=C1)C(=O)/C(=C\NC3=CC(=C(C=C3)C(=O)O)O)/C(O2)O
266265,747804,C1=CC=C2C(=C1)C(=O)/C(=C\NC3=CC(=C(C=C3)O)C(=O)O)/C(O2)O
280545,783840,COC(=O)CCC(=O)C(=O)OC
52722,61586,[R]C(=O)c1csc(n1)C2CSC(=N2)CCNC(=O)C(NC(=O)C(C)C(O)C(C)NC(=O)C(NC(=O)c3nc(nc(N)c3C)C(CC(=O)N)NCC(N)C(=O)N)C(OC4OC(CO)C(O)C(O)C4OCCC5OC(CO)C(O)C(OC(=O)N)C5O)c6c[nH]cn6)C(=O)C
59922,71935,CC(C)C1NC(=O)C(Cc2ccccc2)NC(=O)C3NC(=O)C(Cc4ccccc4)NC(=O)C5CCCN5C(=O)CNC(=O)C(Cc6ccccc6)NC(=O)C7CNCCCCC(NC(=O)C8NC(=O)C(CC(=O)N)NC(=O)CNC(=O)C(NC(=O)C(CSCC(NC(=O)C(CCC(=O)N)NC(=O)C(CCCCN)NC(=O)C(N)CSC8C)C(=O)NC(CSC3C)C(=O)N7)NC1=O)C(O)C(=O)O)C(=O)O
59923,71936,CC(C)[C@@H]1NC(=O)[C@H](Cc2ccccc2)NC(=O)[C@H]3NC(=O)[C@H](Cc4ccccc4)NC(=O)[C@@H]5CCCN5C(=O)CNC(=O)[C@H](Cc6ccccc6)NC(=O)[C@@H]7CNCCCC[C@H](NC(=O)[C@H]8NC(=O)[C@H](CC(=O)N)NC(=O)CNC(=O)[C@@H](NC(=O)[C@H](CSC[C@H](NC(=O)[C@@H](CCC(=O)N)NC(=O)[C@H](CCCNC(=N)N)NC(=O)[C@@H](N)CS[C@@H]8C)C(=O)N[C@@H](CS[C@H]3C)C(=O)N7)NC1=O)[C@@H](O)C(=O)O)C(=O)O
63754,76779,CCCCC1CCCCCCc2cc1c(\C=C\3/N=C(C=C3OC)c4ccc[nH]4)[nH]2
68279,83340,Cn1cnc2nc(Cl)nc(N)c12
80443,99282,COC1C(C)OC(CC1(C)[N+](=O)[O-])Oc2cc(nc(C(=O)OC3C(C)\C=C(/C)\C(=O)c4c(O)c(C)cc5C(=O)C6=C(OC(C)(CN6)C(=O)C3O)C(=O)c45)c2O)C(=O)NC7=C(O)c8ccc(OC)cc8OC7=O
81114,100045,[R]OC1CC[C@@]2(C)[C@@H](CC[C@]3(C)[C@@H]2CC=C4[C@@H]5CC(C)(C)[C@@H](OC(=O)\C=C/C=C\C(C)CC)[C@H](OC(=O)C)[C@@]5(CC[C@@]34C)C(=O)O)C1(C)C
175901,308312,COc1ccc2nc(C(=O)N[C@H]3COC(=O)[C@H](N(C)C(=O)CN(C)C(=O)CNC(=O)[C@@H]4[C@H](CC=NN4C(=O)[C@@H](COC(=O)[C@@H](N(C)C(=O)CN(C)C(=O)CNC(=O)[C@@H]5[C@H](CC=NN5C3=O)OC(=O)C)C(C)(C)C)NC(=O)c6nc7ccc(OC)cc7cc6O)OC(=O)C)C(C)(C)C)c(O)cc2c1
189037,356232,[R]CC(=O)O[Sn](CC)(CC)n1cc([R])c2ccccc12
195732,378842,[R]CC(CC([R])C(=O)OCC(O)C1OC2OC(C)(C)OC2C1OC(=O)CCN3C=C(F)C(=O)NC3=O)C(=O)N
195733,378843,[R]CC(CC([R])C(=O)OCC(OC(=O)CCN1C=C(F)C(=O)NC1=O)C2OC3OC(C)(C)OC3C2OC(=O)CCN4C=C(F)C(=O)NC4=O)C(=O)N
195779,378895,[R]CC(CC([R])C(=O)OCC(O)C1OC2OC(C)(C)OC2C1OC(=O)CCN3C=C(F)C(=O)NC3=O)C(=O)N
195780,378896,[R]CC(CC([R])C(=O)OCC(O)C1OC2OC(C)(C)OC2C1OC(=O)CCN3C=C(F)C(=O)NC3=O)C(=O)N
221616,625662,[R]OC1OC(CO)C(O)C([R])C1O
221908,626201,[Na+].[R]OC1COC([R])C(OS(=O)(=O)O)C1OS(=O)(=O)O
225661,633243,[R]Oc1ccc(cc1)S(=O)(=O)c2ccc(Oc3ccc(Cc4cccc(n4)C(=O)c5ccc([R])cc5)cc3)cc2
226296,634169,[R]Oc1ccc(cc1)C(=O)c2cccc(n2)C(=O)c3ccc(OC4CCC(CC4)C(C)(C)c5ccc([R])cc5)cc3
226297,634170,[R]Oc1ccc(cc1)S(=O)(=O)c2ccc(Oc3ccc(cc3)C(C)(C)c4ccc([R])cc4)cc2
239813,661964,CCC(C)(C)c1ccc(O)c([R]SSc2cc(cc(c2O)[RH])C(C)(C)CC)c1
244184,671017,[R]\N=C/1\N=C([R])C2=C1SC(Cc3ccccc3)(OCCCC)S2
118399,64948,CC(C1C(=O)NC(C(=O)NC(C(=O)NC(C(=O)NC(CSSCC(C(=O)NC(C(=O)NC(C(=O)NC(C(=O)NC(C(=O)NC(C(=O)NC(C(=O)N1)CCCCN)CC2=CNC3=CC=CC=C32)CC4=CC=CC=C4)CC5=CC=CC=C5)CC(=O)N)CCCCN)NC(=O)CNC(=O)C(C)N)C(=O)O)CO)C(C)O)CC6=CC=CC=C6)O
130729,77471,CC(C)CCCCCCCCCCCCC(=O)NCC(=O)NC1C(C(C(OC1C(CO)O)NC2=NC=NC3=C2NC=N3)O)O
148846,105023,CC=CC1C(O1)(C)C2=CC(=O)C3=C(O2)C4=C(C=C3C)C(=O)C5=C(C4=O)C(=C(C=C5C6CC(C(C(O6)C)O)N(C)C)C7CC(C(C(O7)C)O)(C)N(C)C)O
151347,109229,C(C(C(=O)O)N)C(=O)O
151356,109229,CCOC(=O)C(C1NC(CS1)C(=O)O)C2=CC=CC=C2
171039,157365,CC1C(C(C(C(O1)OC2C3CC#CC4C(O4)(C#CC3=CC2OC(=O)C5=C(C=CC6=C5C=C(C=C6C)OC)O)C7COC(=O)O7)NC)O)O
225257,627997,C1=CC=C(C=C1)CC(=O)NC(CCC(=O)N)C(=O)[O-].C1=CC=C(C=C1)CC(=O)[O-].[Na+].[Na+]
225890,632307,CC1(C(=C)N(C2=CC=CC=C21)CCCCCC(=O)O)C
225891,632307,CCCCCC=CCC=CCC=CCC=CCC=CCCC(=O)OC
226967,638719,CCC(C)C1C(CC(=O)OC(C(=O)C(C(=O)NC(C(=O)N2CCCC2C(=O)N(C(C(=O)OC(C(C(=O)N1)NC(=O)C(CC(C)C)N(C)C(=O)C3CCCN3C(=O)C(=O)C)C)CC4=CC=C(C=C4)OC)C)CC(C)C)C)C(C)C)O
248935,767593,CNCCCN1C2=CC=CC=C2CCC3=CC=CC=C31.Cl
0,15384,CC(C)CC(C(=O)NC(CCCCN)C(=O)O)NC(=O)C(CCSC)NC(=O)C1CCCN1C(=O)C(C(C)C)N
1,36390,COC1=CC(=CC(OC)=C1OC)C1C2C(COC2=O)C(O)C2=CC3=C(OCO3)C=C12.COC1=CC(=CC(OC)=C1OC)C1C2C(COC2=O)C(O)C2=CC3=C(OCO3)C=C12.COC1=CC(=CC(OC)=C1OC)C1C(C(CO)C(O)C2=CC3=C(OCO3)C=C12)C(O)=O.COC1=CC(=CC(OC)=C1OC)C1C(C(CO)C(O)C2=CC3=C(OCO3)C=C12)C(O)=O
6,69856,CC1C(C(C(C(O1)OC2C(C=C3C2=CC#CC4C(O4)(C#C3)C5COC(=O)O5)OC(=O)C6=C(C=CC7=C6C=C(C=C7C)OC)O)NC)O)O
12,91768,CC1CCC(C(C(CC(C(C=CC=C(C(=O)OC(C(C=CC=C(C(CC(CC(CC(CC2CC(C(C(O2)(CC1O)O)O)O)OC(=O)CC(=O)O)O)O)O)C)C)C(C)CCCC=CCCCN=C(N)N)C)C)O)O)C)O
14,94219,CC(CC(C)C1OC(=O)CC(=O)CCCC(=O)CC(O)CC(O)CC(O)CC(=O)CC(O)C(C(O)CC(OC2O[C@H](C)[C@@H](O)[C@H](N)[C@@H]2O)\C=C\C=C\C=C\C=C\C=C\C=C\C=C\C1C)C(O)=O)C(O)CC(=O)C1=CC=C(N)C=C1
16,105024,CC1C(C(CC(O1)OC2CC(OC(C2O)C)OC3=CC4=CC5=C(C(=O)C(C(C5)C(C(=O)C(C(C)O)O)OC)OC6CC(C(C(O6)C)O)OC7CC(C(C(O7)C)O)OC8CC(C(C(O8)C)O)(C)O)C(=C4C(=C3C)O)O)O)O
17,109229,CC1=CC(=C(C=C1)C(=O)C(=C)CN(C)C)C
22,126730,C(CNCCNCCN)N.Cl.Cl
24,157365,CC1C(C(C(C(O1)OC2C3CC#CC4C(O4)(C#CC3=CC2OC(=O)C5=C(C=CC6=C5C=C(C=C6C)OC)O)C7COC(=O)O7)NC)O)O
26,170105,COC1=CC(=C2C(=C1)OC(=C)C(=O)N2)C(=O)OC
32,305264,CC1C(C(CC(O1)OC2CC(CC3=C2C(=C4C(=C3O)C(=O)C5=C(C4=O)C(=CC=C5)O)O)(C(=O)C)O)N)O.Cl
45,608604,CCC(C(C)C(C(C)C(C(C)C1C(C2C(O2)C(CCCC(CC(CC3CC(C(C(O3)(C(C(C(CCCCC(CC(CC=CC(=O)O1)O)O)C)O)O)O)O)OS(=O)(=O)O)OC(=O)CC(=O)O)O)O)C)O)O)OC4CC(C(C(O4)C)OC)OC(=O)C5=CC(=C(C=C5)NC)OC6CCC(C(O6)C)O
48,619030,CC1=CNC2=C(C=C3C(=C12)C(CN3C(=O)C4=CC5=C(N4)C=CC(=C5)NC(=O)NC6=CC7=C(C=C6)NC(=C7)C(=O)N8CC(C9=C1C(=CNC1=C(C=C98)O)C)CCl)CCl)O
49,619031,CC1=CNC2=C(C=C3C(=C12)C(CN3C(=O)C4=CC5=C(N4)C=CC(=C5)NC(=O)NC6=CC7=C(C=C6)NC(=C7)C(=O)N8CC(C9=C1C(=CNC1=C(C=C98)O)C)CCl)CCl)O
50,622493,C(C1C2C(C(C(O1)OC3C(OC(C(C3O)O)OC4C(OC(C(C4O)O)OC5C(OC(C(C5O)O)OC6C(OC(C(C6O)O)OC7C(OC(C(C7O)O)OC8C(OC(O2)C(C8O)O)CO)CO)CO)CO)CO)CO)O)O)O
51,622494,C(C1C2C(C(C(O1)OC3C(OC(C(C3O)O)OC4C(OC(C(C4O)O)OC5C(OC(C(C5O)O)OC6C(OC(C(C6O)O)OC7C(OC(C(C7O)O)OC8C(OC(O2)C(C8O)O)CO)CO)CO)CO)CO)CO)O)O)O
56,624239,CC1=CC(=C(C=C1)C(=O)C(=C)CN(C)C)C
58,625770,C1=CC(=C(C=C1C(=C2C=CC(=O)C(=C2)C(=O)O)C3=CC(=C(C=C3)O)C(=O)O)C(=O)O)O.N.N.N
62,632307,CCC1=C2CN3C(=CC4=C(C3=O)COC(=O)C4(CC)O)C2=NC5=C1C=C(C=C5)OC(=O)N6CCC(CC6)N7CCCCC7.C1C(N(C2=C(N1)NC(=NC2=O)N)C=O)CNC3=CC=C(C=C3)C(=O)NC(CCC(=O)O)C(=O)O.C1=C(C(=O)NC(=O)N1)F
159,694246,CCCCCC1C2CC(=CC=CC(C(OC(=O)C=CC(=CC(C2O)(OCO1)C)C)C(C)C(C(C)C3(CC(C(C(O3)C)C)OC4CC(C(C(O4)C)O)O)O)O)OC)C
